Last Updated (UTC),Ticker,Name,Price,Currency,Last Dividend,Last Dividend Date,Frequency,Current Yield (%),Median Annualized Yield %,Mean Annualized Yield %,Std Dev %,Valuation
2026-07-13T15:42:20.348834Z,BETZ,Roundhill Sports Betting & iGam,19.75,USD,0.959,2025-12-30,Monthly,58.268,0.6005,0.5765,0.2933372802764762,Underpriced
2026-07-13T15:42:42.113386Z,SQY,Tidal Trust II YieldMax SQ Opti,10.49,USD,0.3659,2026-07-09,Monthly,41.857,45.5564,57.21207058823529,26.49802612419378,Fair Price
2026-07-13T15:42:30.050578Z,MRNY,YieldMax MRNA Option Income Str,18.205,USD,0.427,2026-07-09,Monthly,28.146,60.7268,65.80602857142857,25.79688243331242,Overpriced
2026-07-13T15:42:28.611861Z,MAGX,Roundhill Daily 2X Long Magnifi,55.7108,USD,1.171,2025-12-30,Monthly,25.223,9.9644,9.9644,,Unknown
2026-07-13T15:42:28.115183Z,KLIP,KRANESHARES KWEB COVERED CALL S,23.915,USD,0.459,2026-06-29,Monthly,23.032,47.30915,49.454709375,36.38039545507069,Fair Price
2026-07-13T15:42:21.766067Z,CHAT,Roundhill Generative AI & Techn,89.175,USD,1.681,2025-12-29,Monthly,22.621,,,,Unknown
2026-07-13T15:42:42.813029Z,SVOL,Simplify Volatility Premium ETF,16.1666,USD,0.28,2026-06-25,Monthly,20.784,16.314999999999998,16.483789130434783,2.4433572993120443,Underpriced
2026-07-13T15:42:35.882822Z,QQQT,Defiance Nasdaq 100 Income Targ,18.24,USD,0.312,2026-07-01,Monthly,20.526,20.7337,20.758738461538464,0.4679296217354022,Fair Price
2026-07-13T15:42:48.672677Z,XPAY,Roundhill S&P 500 Target 20 Man,52.8776,USD,0.9,2026-07-08,Monthly,20.425,21.33195,21.253570000000003,1.2233417202709769,Fair Price
2026-07-13T15:42:41.482566Z,SPYT,Defiance S&P 500 Target Income ,17.385,USD,0.29,2026-07-01,Monthly,20.017,20.5643,20.54089411764706,0.3579736276434829,Overpriced
2026-07-13T15:42:31.238493Z,MSTY,YieldMax MSTR Option Income Str,12.61,USD,0.206,2026-07-09,Monthly,19.603,107.5843,109.91544705882352,28.426087382238293,Overpriced
2026-07-13T15:42:18.690074Z,AMDY,Yieldmax AMD Option Income Stra,54.6287,USD,0.875,2026-07-09,Monthly,19.221,65.34825000000001,61.776318181818176,20.1463841899291,Overpriced
2026-07-13T15:42:36.876913Z,SMCY,YieldMax SMCI Option Income Str,4.745,USD,0.069,2026-07-09,Monthly,17.45,100.8086,102.03595454545456,9.852906511417194,Overpriced
2026-07-13T15:42:22.091049Z,CONY,YieldMax COIN Option Income Str,19.48,USD,0.279,2026-07-09,Monthly,17.187,98.415,98.5807956521739,25.58345048413273,Overpriced
2026-07-13T15:42:37.538861Z,SNOY,YieldMax SNOW Option Income Str,10.775,USD,0.146,2026-07-09,Monthly,16.26,55.8754,58.9016,22.641455814437883,Overpriced
2026-07-13T15:42:25.759272Z,FIAT,YieldMax Short COIN Option Inco,21.13,USD,0.272,2026-07-09,Monthly,15.447,99.7633,93.42324615384616,22.23652956419592,Overpriced
2026-07-13T15:42:33.963109Z,OZEM,Roundhill GLP-1 & Weight Loss E,32.9095,USD,0.41,2025-12-30,Monthly,14.95,2.6227,2.6227,,Unknown
2026-07-13T15:42:17.659357Z,AIYY,YieldMax AI Option Income Strat,8.14,USD,0.1,2026-07-09,Monthly,14.742,63.84145,69.56123,25.017396720537025,Overpriced
2026-07-13T15:42:45.618421Z,ULTY,YieldMax Ultra Option Income St,28.52,USD,0.338,2026-07-08,Monthly,14.222,83.541,94.22930857142858,46.78835159109564,Overpriced
2026-07-13T15:42:49.750619Z,YETH,Roundhill Ether Covered Call St,8.495,USD,0.093,2026-07-08,Monthly,13.137,67.204,82.04157142857142,73.43158080046014,Fair Price
2026-07-13T15:42:37.948294Z,SOXY,YieldMax Target 12 Semiconducto,99.525,USD,1.037,2026-07-08,Monthly,12.503,12.032699999999998,12.1084875,0.3426929172534999,Underpriced
2026-07-13T15:42:44.279898Z,TSLY,YieldMax TSLA Option Income Str,26.875,USD,0.278,2026-07-09,Monthly,12.413,63.9281,69.10182121212121,18.381336685187605,Overpriced
2026-07-13T15:42:33.454610Z,OARK,YieldMax Innovation Option Inco,30.3883,USD,0.312,2026-07-09,Monthly,12.321,42.9698,42.94445151515151,10.80134396311176,Overpriced
2026-07-13T15:42:22.658201Z,CRSH,YieldMax Short TSLA Option Inco,20.55,USD,0.207,2026-07-09,Monthly,12.088,69.76095000000001,71.56735,16.161319455993272,Overpriced
2026-07-13T15:42:20.818721Z,BIGY,YieldMax Target 12 Big 50 Optio,52.5903,USD,0.529,2026-07-08,Monthly,12.071,12.06735,12.133375,0.1886465231969189,Fair Price
2026-07-13T15:42:44.841786Z,TSMY,YieldMax TSM Option Income Stra,16.24,USD,0.152,2026-07-09,Monthly,11.232,48.98235,49.05250833333333,14.25705496246162,Overpriced
2026-07-13T15:42:49.031964Z,YBIT,YieldMax Bitcoin Option Income ,18.54,USD,0.172,2026-07-09,Monthly,11.133,67.38755,69.77123125,20.375085830910216,Overpriced
2026-07-13T15:42:50.719385Z,YMAX,YieldMax Universe Fund of Optio,7.8703,USD,0.071,2026-07-08,Monthly,10.826,56.1155,56.207231481481486,14.122067193083716,Overpriced
2026-07-13T15:42:34.418651Z,PLTY,YieldMax PLTR Option Income Str,30.74,USD,0.276,2026-07-09,Monthly,10.774,61.10695,77.45179,32.3856392535831,Overpriced
2026-07-13T15:42:29.108985Z,MAXI,Simplify Bitcoin Strategy PLUS ,8.92,USD,0.08,2026-06-25,Monthly,10.762,10.9823,27.96076363636364,47.23177815163099,Fair Price
2026-07-13T15:42:23.844740Z,DIPS,YieldMax Short NVDA Option Inco,37.72,USD,0.334,2026-07-09,Monthly,10.626,54.9042,53.51294166666667,10.95304249972734,Overpriced
2026-07-13T15:42:34.833120Z,PYPY,YieldMax PYPL Option Income Str,26.14,USD,0.206,2026-07-09,Monthly,9.457,38.6878,44.078922727272726,19.878604931599245,Overpriced
2026-07-13T15:42:26.174467Z,GDXY,YieldMax Gold Miners Option Inc,9.84,USD,0.077,2026-07-09,Monthly,9.39,40.84625,41.51029285714286,11.64933181467532,Overpriced
2026-07-13T15:42:32.784782Z,NVDY,YieldMax NVDA Option Income Str,12.6009,USD,0.097,2026-07-09,Monthly,9.237,55.8107,65.35128148148148,29.810138667535927,Overpriced
2026-07-13T15:42:46.045115Z,USOY,Defiance Oil Enhanced Options I,6.83,USD,0.051,2026-07-09,Monthly,8.96,77.7143,81.3742761904762,33.38373904456937,Overpriced
2026-07-13T15:42:49.440068Z,YBTC,Roundhill Bitcoin Covered Call ,17.4953,USD,0.129,2026-07-08,Monthly,8.848,41.6485,47.81215581395349,26.463418871045928,Overpriced
2026-07-13T15:42:31.724569Z,NERD,Roundhill Video Games ETF,20.7453,USD,0.152,2025-12-30,Monthly,8.792,1.06985,1.135875,0.434844488486018,Underpriced
2026-07-13T15:42:20.011915Z,BABO,YieldMax BABA Option Income Str,8.32,USD,0.06,2026-07-09,Monthly,8.654,46.21665,50.931525,23.021739518595144,Overpriced
2026-07-13T15:42:35.375823Z,QDTE,Roundhill Innovation-100 0DTE C,30.13,USD,0.203,2026-07-09,Monthly,8.085,34.0959,36.513133333333336,15.579303692118836,Overpriced
2026-07-13T15:42:25.106233Z,FBY,YieldMax META Option Income Str,10.1929,USD,0.067,2026-07-09,Monthly,7.888,41.4236,42.69327916666666,13.244563954644848,Overpriced
2026-07-13T15:42:48.301133Z,XOMO,YieldMax XOM Option Income Stra,10.83,USD,0.071,2026-07-09,Monthly,7.867,23.2131,23.632045833333333,6.788939529211189,Overpriced
2026-07-13T15:42:50.203588Z,YMAG,YieldMax Magnificent 7 Fund of ,11.78,USD,0.076,2026-07-08,Monthly,7.742,43.2133,45.13959259259259,19.125345126197608,Overpriced
2026-07-13T15:42:43.274498Z,TLTW,iShares 20+ Year Treasury Bond ,21.7101,USD,0.135,2026-07-02,Monthly,7.462,14.81505,17.986583333333332,9.26189844854406,Fair Price
2026-07-13T15:42:32.138258Z,NFLY,YieldMax NFLX Option Income Str,7.9201,USD,0.048,2026-07-09,Monthly,7.273,45.25195,46.99292500000001,15.320134062991858,Overpriced
2026-07-13T15:42:19.205086Z,AMZY,YieldMax AMZN Option Income Str,10.88,USD,0.064,2026-07-09,Monthly,7.059,39.2549,41.05435,12.59991030226872,Overpriced
2026-07-13T15:42:46.581100Z,WDTE,Defiance S&P 500 Weekly Distrib,29.93,USD,0.173,2026-07-09,Monthly,6.936,31.6364,39.65455818181818,27.90972992817361,Fair Price
2026-07-13T15:42:36.470637Z,QQQY,Defiance Nasdaq 100 Weekly Dist,23.17,USD,0.133,2026-07-09,Monthly,6.888,40.9716,52.56178421052632,37.04223192606741,Fair Price
2026-07-13T15:42:26.780826Z,GOOY,YieldMax GOOGL Option Income St,13.1399,USD,0.074,2026-07-09,Monthly,6.758,30.1399,30.842668,9.49267005289344,Overpriced
2026-07-13T15:42:51.235696Z,YQQQ,YieldMax Short N100 Option Inco,10.01,USD,0.055,2026-07-09,Monthly,6.593,22.5677,23.959716666666665,5.533777812642732,Overpriced
2026-07-13T15:42:30.621551Z,MSFO,YieldMax MSFT Option Income Str,10.735,USD,0.058,2026-07-09,Monthly,6.483,27.8163,29.74566086956522,7.324175781971469,Overpriced
2026-07-13T15:42:23.303716Z,DEEP,Acquirers Small and Micro Deep ,42.75,USD,0.222,2026-06-26,Monthly,6.232,1.28745,1.57774,1.471665478436269,Underpriced
2026-07-13T15:42:19.589827Z,APLY,YieldMax AAPL Option Income Str,12.2902,USD,0.062,2026-07-09,Monthly,6.054,27.8301,27.2688,9.673364495593836,Overpriced
2026-07-13T15:42:47.793459Z,XDTE,Roundhill S&P 500 0DTE Covered ,39.0401,USD,0.185,2026-07-09,Monthly,5.686,25.62685,26.91553194444445,10.007454136775715,Overpriced
2026-07-13T15:42:27.172713Z,JEPY,Tidal Trust II Defiance S&P 500,44.01,USD,0.1726,2026-07-09,Monthly,4.706,,,,Unknown
2026-07-13T15:42:29.595654Z,METV,Roundhill Ball Metaverse ETF,18.99,USD,0.034,2025-12-30,Monthly,2.148,0.1205,0.1205,0.0622253967444161,Underpriced
2026-07-13T15:42:21.382625Z,BITO,ProShares Bitcoin ETF,8.4799,USD,0.01,2026-07-01,Monthly,1.415,44.8433,44.1028,28.080960251114394,Overpriced
2026-07-13T15:42:17.088323Z,ABNY,YieldMax ABNB Option Income Str,39.355,USD,,,Monthly,,38.4629,44.39703846153846,13.001125720973704,Unknown
2026-07-13T15:42:24.198311Z,DISO,YieldMax DIS Option Income Stra,9.455,USD,,,Monthly,,33.7169,33.07030869565217,9.732343388176124,Unknown
2026-07-13T15:42:24.662692Z,DRAG,Roundhill ETF Trust Roundhill C,28.6253,USD,,,Monthly,,12.3222,12.3222,,Unknown
2026-07-13T15:42:27.613377Z,JPMO,YieldMax JPM Option Income Stra,14.34,USD,,,Monthly,,24.4615,25.429704347826085,9.232581464843957,Unknown
2026-07-13T15:42:47.109039Z,WEED,Roundhill Cannabis ETF,19.63,USD,,,Unknown,,,,,Unknown
